"title_year";"_t";"imdb_id";"kitso_id";"original_title";"poster_path";"title";"tmdb_id";"id"
"Arrival (2016)";"Movie";"tt2543164";"5b16fd6d5035a8716961d334";"Arrival";"https://image.tmdb.org/t/p/original//hLudzvGfpi6JlwUnsNhXwKKg4j.jpg";"Arrival";329865;"5b16fd6d5035a8716961d334"
"Avengers: Age of Ultron (2015)";"Movie";"tt2395427";"5ba83f566d41060014d4f526";"Avengers: Age of Ultron";"https://image.tmdb.org/t/p/original//t90Y3G8UGQp0f0DrP60wRu9gfrH.jpg";"Avengers: Age of Ultron";99861;"5ba83f566d41060014d4f526"
"Bambi (1942)";"Movie";"tt0034492";"5b1fad7bbc06240014c49201";"Bambi";"https://image.tmdb.org/t/p/original//wV9e2y4myJ4KMFsyFfWYcUOawyK.jpg";"Bambi";3170;"5b1fad7bbc06240014c49201"
"Captain America: Civil War (2016)";"Movie";"tt3498820";"5ba83f286d41060014d4f45c";"Captain America: Civil War";"https://image.tmdb.org/t/p/original//kSBXou5Ac7vEqKd97wotJumyJvU.jpg";"Captain America: Civil War";271110;"5ba83f286d41060014d4f45c"
"Captain America: The Winter Soldier (2014)";"Movie";"tt1843866";"5ba83f9e6d41060014d4f5a9";"Captain America: The Winter Soldier";"https://image.tmdb.org/t/p/original//5TQ6YDmymBpnF005OyoB7ohZps9.jpg";"Captain America: The Winter Soldier";100402;"5ba83f9e6d41060014d4f5a9"
"Cinderella (1950)";"Movie";"tt0042332";"5ba83f036d41060014d4f447";"Cinderella";"https://image.tmdb.org/t/p/original//cdf4J7tDhSPAghWWgx9EnwQWBfF.jpg";"Cinderella";11224;"418"
"Dumbo (1941)";"Movie";"tt0033563";"5ba83daa6d41060014d4f3c6";"Dumbo";"https://image.tmdb.org/t/p/original//hKDdllslMtsU9JixAv5HR9biXlp.jpg";"Dumbo";11360;"501"
"Lady and the Tramp (1955)";"Movie";"tt0048280";"5ba83e056d41060014d4f3e1";"Lady and the Tramp";"https://image.tmdb.org/t/p/original//y9nf5YIKbwycDFU4fqdKkOV1Am8.jpg";"Lady and the Tramp";10340;"5ba83e056d41060014d4f3e1"
"Mandy (2018)";"Movie";"tt6998518";"5b9fad39ac0dc50014660bb3";"Mandy";"https://image.tmdb.org/t/p/original//m0yf7J7HsKeK6E81SMRcX8vx6mH.jpg";"Mandy";460885;"5b9fad39ac0dc50014660bb3"
"One Hundred and One Dalmatians (1961)";"Movie";"tt0055254";"5ba83e3e6d41060014d4f3f9";"One Hundred and One Dalmatians";"https://image.tmdb.org/t/p/original//vo5j5OZIdnfMIZSkVfSvh8cJUU.jpg";"One Hundred and One Dalmatians";12230;"5ba83e3e6d41060014d4f3f9"
"Peter Pan (1953)";"Movie";"tt0046183";"5ba83e6e6d41060014d4f424";"Peter Pan";"https://image.tmdb.org/t/p/original//aWLgUzpkVFk8OVcg5jJte5I0Ces.jpg";"Peter Pan";10693;"5ba83e6e6d41060014d4f424"
"Pinocchio (1940)";"Movie";"tt0032910";"5b1fad91bc06240014c49218";"Pinocchio";"https://image.tmdb.org/t/p/original//hu9sn5kHTXZsafNQYQf4qQ16BGI.jpg";"Pinocchio";10895;"404"
"Sleeping Beauty (1959)";"Movie";"tt0053285";"5ba83eb26d41060014d4f437";"Sleeping Beauty";"https://image.tmdb.org/t/p/original//j4YBuAe8D1jDSiitpq69og9x3Yl.jpg";"Sleeping Beauty";10882;"5ba83eb26d41060014d4f437"
"The Amazing Spider-Man 2 (2014)";"Movie";"tt1872181";"5ba83fd16d41060014d4f625";"The Amazing Spider-Man 2";"https://image.tmdb.org/t/p/original//mUjWof8LHDgCZC9mFp0UYKBf1Dm.jpg";"The Amazing Spider-Man 2";102382;"5ba83fd16d41060014d4f625"
"The Lion King (1994)";"Movie";"tt0110357";"5b16fdd6f48ff60014408cea";"The Lion King";"https://image.tmdb.org/t/p/original//bKPtXn9n4M4s8vvZrbw40mYsefB.jpg";"The Lion King";8587;"5b16fdd6f48ff60014408cea"
"Thor (2011)";"Movie";"tt0800369";"5ba83d836d41060014d4f36a";"Thor";"https://image.tmdb.org/t/p/original//bIuOWTtyFPjsFDevqvF3QrD1aun.jpg";"Thor";10195;"5ba83d836d41060014d4f36a"
"Thor: Ragnarok (2017)";"Movie";"tt3501632";"5ba83d806d41060014d4f309";"Thor: Ragnarok";"https://image.tmdb.org/t/p/original//rzRwTcFvttcN1ZpX2xv4j3tSdJu.jpg";"Thor: Ragnarok";284053;"5ba83d806d41060014d4f309"
"Thor: The Dark World (2013)";"Movie";"tt1981115";"5ba83d776d41060014d4f2b1";"Thor: The Dark World";"https://image.tmdb.org/t/p/original//bnX5PqAdQZRXSw3aX3DutDcdso5.jpg";"Thor: The Dark World";76338;"5ba83d776d41060014d4f2b1"
